"DATE","TIME","DOY","PORT","H","V","LATITUDE","LONGITUDE","TA","PA","N2O_DRY","H2O","CO2_DRY","H2O.1","FCO2","FCO2_dCdt","FCO2_CV","FCO2_R2","FCO2_SEI","FCO2_SES","FCO2_A","FCO2_Cx","FCO2_C0","FCO2_T0","FCO2_ITER","FCO2_N","FN2O","FN2O_dCdt","FN2O_CV","FN2O_R2","FN2O_SEI","FN2O_SES","FN2O_A","FN2O_Cx","FN2O_C0","FN2O_T0","FN2O_ITER","FN2O_N","SWC_1","TS_1","DateTime","PrevTime","TimeDiff","TimeDiff_min","HadMinus9999","HasMissing","InvalidStatus"
"20250414","150051","104.626","1","1","1","39.6684","-75.7463","25.03","100.673","342.494","13.7151","411.734","12.7031","3.02448","0.351648","1.27922","0.994811","0","0.00255254","3.51793e-07","1e+06","411.734","22.4632","10","101","-1.94235","-0.226064","1.09121","0.0902946","0","0.000644225","0.230826","341.514","342.494","17.3266","4","101","0.279","16.9",2025-04-14 15:00:51,2025-04-14 12:44:09,8202,136.7,FALSE,FALSE,"Valid Row"
"20250414","150702","104.63","2","1","1","39.6684","-75.7463","25.09","100.686","341.894","13.2728","410.051","12.2886","2.35125","0.272018","1.36636","0.992554","0","0.00236795","2.7213e-07","1e+06","410.051","16.9103","10","101","-0.0114952","-0.00133122","53.1306","0.0345625","0","0.000707146","3.89366e-06","0","341.894","-267.017","8","101","0.318","16.5",2025-04-14 15:07:02,2025-04-14 15:00:51,371,6.18333333333333,FALSE,FALSE,"Valid Row"
"20250414","151314","104.634","3","1","1","39.6685","-75.7462","24.4","100.673","342.318","13.6335","408.571","12.6226","2.27972","0.252692","1.43382","0.990723","0","0.00245756","2.52795e-07","1e+06","408.571","20.6654","10","101","-0.0297481","-0.00330075","36.152","0.0717974","0","0.00119278","9.64238e-06","0","342.318","-146.523","8","101","0.331701","14.9",2025-04-14 15:13:14,2025-04-14 15:07:02,372,6.2,FALSE,FALSE,"Valid Row"
"20250414","151925","104.638","4","1","1","39.6685","-75.7462","23.88","100.678","342.318","13.4599","409.378","12.4606","1.56308","0.17647","1.76717","0.980464","0","0.00250353","1.76542e-07","1e+06","409.378","24.8741","10","101","-0.0158547","-0.00179178","37.621","0.0666676","0","0.000673822","5.23426e-06","0","342.318","-248.344","10","101","0.0163781","16.2",2025-04-14 15:19:25,2025-04-14 15:13:14,371,6.18333333333333,FALSE,FALSE,"Valid Row"
"20250414","152536","104.643","5","1","1","39.6685","-75.7462","24.71","100.665","342.273","14.3711","405.781","13.3738","4.86243","0.54125","1.20588","0.996604","0","0.00317562","5.4147e-07","1e+06","405.781","29.8457","10","101","-0.317423","-0.035369","2.00875","0.327569","0","0.000604918","0.0378274","341.339","342.273","3.92292","6","101","0.364","12.9",2025-04-14 15:25:36,2025-04-14 15:19:25,371,6.18333333333333,FALSE,FALSE,"Valid Row"
"20250414","153147","104.647","6","1","1","39.6685","-75.7462","24.97","100.637","342.187","14.2849","406.875","13.273","5.22572","0.5929","1.15076","0.997887","0","0.0027422","5.93141e-07","1e+06","406.875","22.6877","10","101","-0.0365057","-0.00414612","15.7166","0.291172","0","0.000650165","1.21165e-05","0","342.187","-70.1281","10","101","0.340935","14.9",2025-04-14 15:31:47,2025-04-14 15:25:36,371,6.18333333333333,FALSE,FALSE,"Valid Row"
"20250414","153758","104.651","7","1","1","39.6685","-75.7463","23.56","100.613","341.821","15.0516","400.091","14.0467","3.05447","0.345298","1.23522","0.995919","0","0.00222147","3.45436e-07","1e+06","400.091","14.2756","10","101","-0.0428858","-0.00485305","13.1449","0.37046","0","0.00063587","1.41976e-05","0","341.821","-17.7116","3","101","0.339","15.3",2025-04-14 15:37:58,2025-04-14 15:31:47,371,6.18333333333333,FALSE,FALSE,"Valid Row"
"20250414","154409","104.656","8","1","1","39.6685","-75.7463","24.53","100.593","342.373","15.9403","405.352","14.9193","3.76469","0.416035","1.24221","0.995746","0","0.00273311","4.16204e-07","1e+06","405.352","25.1471","10","101","-0.0378351","-0.00418549","14.7577","0.317977","0","0.000616104","1.2225e-05","0","342.373","-84.6407","10","101","0.211","18.4",2025-04-14 15:44:09,2025-04-14 15:37:58,371,6.18333333333333,FALSE,FALSE,"Valid Row"
"20250414","160051","104.667","1","1","1","39.6684","-75.7462","24.8","100.569","341.561","14.2163","406.417","13.1883","2.58421","0.30069","1.37316","0.992397","0","0.00264518","3.00812e-07","1e+06","406.417","21.8722","10","101","-0.0162516","-0.00189296","33.3013","0.0835636","0","0.000630063","5.54207e-06","0","341.561","-166.269","10","101","0.28","17.2",2025-04-14 16:00:51,2025-04-14 15:44:09,1002,16.7,FALSE,FALSE,"Valid Row"
"20250414","160702","104.672","2","1","1","39.6685","-75.7462","25.11","100.588","341.226","13.7394","407.696","12.7449","2.03261","0.235519","1.41334","0.991301","0","0.00221734","2.35615e-07","1e+06","407.696","29.3802","10","101","-0.0266453","-0.0030905","21.8598","0.0585037","0","0.000674791","0.00603254","340.713","341.226","-7.53322","3","101","0.316","17",2025-04-14 16:07:02,2025-04-14 16:00:51,371,6.18333333333333,FALSE,FALSE,"Valid Row"
"20250414","161314","104.676","3","1","1","39.6685","-75.7462","24.81","100.591","341.636","14.0408","409.192","13.0379","1.95243","0.216992","1.42066","0.991101","0","0.00206647","2.17081e-07","1e+06","409.192","18.6756","10","101","-0.108846","-0.0121094","6.61746","0.110356","0","0.000791101","0.0299165","341.231","341.636","12.6637","5","101","0.33002","15.5",2025-04-14 16:13:14,2025-04-14 16:07:02,372,6.2,FALSE,FALSE,"Valid Row"
"20250414","161925","104.68","4","1","1","39.6685","-75.7462","23.63","100.588","341.866","13.8377","405.94","12.8368","1.23271","0.139243","2.03258","0.970978","0","0.00241944","1.393e-07","1e+06","405.94","22.0527","10","101","0.000479218","5.41859e-05","1235.35","6.61823e-05","0","0.000669387","5.42044e-11","1e+06","341.866","7388.05","6","101","0.0167114","16.5",2025-04-14 16:19:25,2025-04-14 16:13:14,371,6.18333333333333,FALSE,FALSE,"Valid Row"
"20250414","162536","104.684","5","1","1","39.6685","-75.7462","24.42","100.579","341.808","14.8183","405.902","13.8287","4.29048","0.477739","1.1843","0.99713","0","0.00257611","4.77933e-07","1e+06","405.902","22.696","10","101","-0.0342846","-0.00382137","17.6077","0.246439","0","0.000671647","1.11798e-05","0","341.808","-55.9487","1","101","0.364","13.3",2025-04-14 16:25:36,2025-04-14 16:19:25,371,6.18333333333333,FALSE,FALSE,"Valid Row"
"20250414","163147","104.689","6","1","1","39.6685","-75.7463","23.28","100.583","341.854","14.6905","405.542","13.6702","5.33431","0.602328","1.24412","0.99571","0","0.00397358","6.02572e-07","1e+06","405.542","27.6078","10","101","-0.100843","-0.0113986","5.34157","0.338332","0","0.000596874","0.0173926","341.198","341.854","7.01174","6","101","0.333","15",2025-04-14 16:31:47,2025-04-14 16:25:36,371,6.18333333333333,FALSE,FALSE,"Valid Row"
"20250414","163758","104.693","7","1","1","39.6685","-75.7463","21.92","100.564","341.524","15.4901","403.627","14.4705","2.72486","0.306618","1.37053","0.992716","0","0.00268062","3.06742e-07","1e+06","403.627","22.1731","10","98","-0.101426","-0.0114248","5.8161","0.342293","0","0.000653447","0.0176305","340.876","341.524","13.5613","8","101","0.338","15.4",2025-04-14 16:37:58,2025-04-14 16:31:47,371,6.18333333333333,FALSE,FALSE,"Valid Row"
"20250414","164409","104.697","8","1","1","39.6685","-75.7463","22.12","100.548","341.746","16.3966","406.023","15.3625","3.37833","0.370667","1.21588","0.996408","0","0.00223662","3.70818e-07","1e+06","406.023","24.9689","10","101","-0.0406443","-0.00446415","14.69","0.31999","0","0.00065409","1.30628e-05","0","341.746","-31.695","5","101","0.207","18.3",2025-04-14 16:44:09,2025-04-14 16:37:58,371,6.18333333333333,FALSE,FALSE,"Valid Row"
"20250414","170051","104.709","1","1","1","39.6685","-75.7462","24.68","100.525","341.577","14.6155","410.4","13.5871","2.38431","0.277531","1.45451","0.990168","0","0.00277941","2.77645e-07","1e+06","410.4","20.9227","10","101","-0.0146229","-0.00170386","39.1307","0.0619285","0","0.00066649","4.98822e-06","0","341.577","-199.014","8","101","0.279","16.8",2025-04-14 17:00:51,2025-04-14 16:44:09,1002,16.7,FALSE,FALSE,"Valid Row"
"20250414","170702","104.713","2","1","1","39.6685","-75.7462","24.16","100.539","341.346","14.1419","405.918","13.1476","1.72113","0.198962","1.46009","0.990012","0","0.0020085","1.99043e-07","1e+06","405.918","15.9997","10","101","-0.293988","-0.0340193","2.21969","0.000825309","0","0.000664398","0.0622389","340.799","341.346","-5.89311","3","101","0.314","16.908",2025-04-14 17:07:02,2025-04-14 17:00:51,371,6.18333333333333,FALSE,FALSE,"Valid Row"
"20250414","171314","104.718","3","1","1","39.6685","-75.7462","23.24","100.53","341.296","14.4066","408.114","13.3974","1.80434","0.199665","1.48094","0.989426","0","0.00207445","1.99747e-07","1e+06","408.114","15.3411","10","101","-0.0776103","-0.00859703","6.99714","0.113457","0","0.000594665","0.0222908","340.911","341.296","0.0426561","7","101","0.328701","15.6",2025-04-14 17:13:14,2025-04-14 17:07:02,372,6.2,FALSE,FALSE,"Valid Row"
"20250414","171925","104.722","4","1","1","39.6685","-75.7462","22.49","100.522","341.173","14.1916","406.104","13.1942","1.26121","0.142055","1.8316","0.978301","0","0.00212628","1.42113e-07","1e+06","406.104","19.1992","10","101","0.00194606","0.000219415","267.241","0.00141237","0","0.000586362","2.1949e-10","1e+06","341.173","280.202","2","101","0.003","16.4",2025-04-14 17:19:25,2025-04-14 17:13:14,371,6.18333333333333,FALSE,FALSE,"Valid Row"
"20250414","172536","104.726","5","1","1","39.6685","-75.7462","22.27","100.501","341.477","15.1298","408.383","14.1175","4.01107","0.443907","1.34713","0.993121","0","0.0037132","4.44088e-07","1e+06","408.383","17.8474","10","101","-0.0238605","-0.00264336","23.0842","0.159642","0","0.000609559","7.74098e-06","0","341.477","-106.625","10","101","0.364","13.5",2025-04-14 17:25:36,2025-04-14 17:19:25,371,6.18333333333333,FALSE,FALSE,"Valid Row"
"20250414","173147","104.73","6","1","1","39.6685","-75.7462","21.88","100.488","341.251","14.9793","407.92","13.9614","5.52356","0.621563","1.49304","0.988395","0","0.00655915","0.0009267","1078.65","407.92","32.1052","2","101","-0.033489","-0.0037724","17.2281","0.24233","0","0.000648691","0.000477435","333.35","341.251","41.0827","10","101","0.333","14.8",2025-04-14 17:31:47,2025-04-14 17:25:36,371,6.18333333333333,FALSE,FALSE,"Valid Row"
"20250414","173758","104.735","7","1","1","39.6685","-75.7462","20.83","100.493","341.14","15.8025","401.758","14.7725","2.43215","0.272949","1.33961","0.993331","0","0.0022477","2.73059e-07","1e+06","401.758","5.45525","10","101","-0.0516953","-0.00580759","11.0763","0.254213","0","0.000640335","0.00745515","340.361","341.14","7.10142","5","101","0.337","15.3",2025-04-14 17:37:58,2025-04-14 17:31:47,371,6.18333333333333,FALSE,FALSE,"Valid Row"
"20250414","174409","104.739","8","1","1","39.6685","-75.7462","21.68","100.477","341.324","16.6541","410.035","15.61","3.02442","0.331655","1.32605","0.99368","0","0.0026582","3.31791e-07","1e+06","410.035","28.9717","10","101","-0.054356","-0.00596695","9.12542","0.325851","0","0.000540849","0.00645505","340.399","341.324","-6.62854","7","101","0.205","17.7672",2025-04-14 17:44:09,2025-04-14 17:37:58,371,6.18333333333333,FALSE,FALSE,"Valid Row"
"20250414","180051","104.751","1","1","1","39.6685","-75.7462","18.42","100.434","341.161","14.8633","409.228","13.8363","2.00938","0.229263","1.42757","0.990988","0","0.00219731","2.29357e-07","1e+06","409.228","19.7675","10","101","-0.00646819","-0.000738766","118.705","0.00711853","0","0.000876918","2.16545e-06","0","341.161","-349.534","9","101","0.278","16",2025-04-14 18:00:51,2025-04-14 17:44:09,1002,16.7,FALSE,FALSE,"Valid Row"
"20250414","180702","104.755","2","1","1","39.6685","-75.7462","18.1","100.449","340.936","14.4084","409.165","13.4021","1.51966","0.172299","1.62818","0.985063","0","0.00213238","1.72369e-07","1e+06","409.165","16.4014","10","101","-0.0255521","-0.00290004","21.1656","0.18438","0","0.000613045","8.50611e-06","0","340.936","-21.9647","2","101","0.313","16.308",2025-04-14 18:07:02,2025-04-14 18:00:51,371,6.18333333333333,FALSE,FALSE,"Valid Row"
"20250414","181314","104.759","3","1","1","39.6685","-75.7462","17.44","100.438","341.455","14.5986","411.727","13.5913","1.68016","0.182494","1.55801","0.987223","0","0.00208656","1.82569e-07","1e+06","411.727","18.8694","10","101","-0.0196403","-0.00213544","86.0617","0.0134562","0","0.00183766","6.25396e-06","0","341.455","-217.984","5","101","0.327702","15.4",2025-04-14 18:13:14,2025-04-14 18:07:02,372,6.2,FALSE,FALSE,"Valid Row"
"20250414","181925","104.763","4","1","1","39.6685","-75.7462","16.69","100.433","340.102","14.3717","411.413","13.3713","1.05277","0.116381","2.24783","0.962533","0","0.00230772","1.16429e-07","1e+06","411.413","25.7244","10","101","-0.0127064","-0.00140608","128.653","0.00606089","0","0.00180891","4.1343e-06","0","340.102","716.76","10","101","0.00242786","15.8",2025-04-14 18:19:25,2025-04-14 18:13:14,371,6.18333333333333,FALSE,FALSE,"Valid Row"
"20250414","182536","104.768","5","1","1","39.6685","-75.7462","16.19","100.425","340.649","15.2113","410.392","14.2174","3.11078","0.337483","1.36341","0.992752","0","0.00289808","3.37621e-07","1e+06","410.392","20.9135","10","101","-0.0223327","-0.00242528","72.3508","0.0189366","0","0.00175452","7.11957e-06","0","340.649","87.2986","2","101","0.363","13.5",2025-04-14 18:25:36,2025-04-14 18:19:25,371,6.18333333333333,FALSE,FALSE,"Valid Row"
"20250414","183147","104.772","6","1","1","39.6685","-75.7462","15.98","100.413","341.261","15.0638","415.022","14.0586","8.28133","0.914045","1.21899","0.993966","0","0.00551557","0.0069714","546.135","415.022","30.4996","8","101","-0.0797075","-0.00880662","17.8243","0.0943987","0","0.00156694","0.00696347","339.996","341.261","-10.0219","4","101","0.333234","14.4",2025-04-14 18:31:47,2025-04-14 18:25:36,371,6.18333333333333,FALSE,FALSE,"Valid Row"
"20250414","183758","104.776","7","1","1","39.6685","-75.7462","15.16","100.407","340.252","15.7965","416.945","14.7908","2.00935","0.22132","1.51724","0.988459","0","0.00240352","2.21412e-07","1e+06","416.945","27.0986","10","101","-0.0155303","-0.00171233","99.3269","0.0101374","0","0.00170071","5.03254e-06","0","340.252","373.039","8","101","0.337","14.9",2025-04-14 18:37:58,2025-04-14 18:31:47,371,6.18333333333333,FALSE,FALSE,"Valid Row"
"20250414","184409","104.781","8","1","1","39.6685","-75.7462","15.2","100.404","340.878","16.4875","412.791","15.4588","2.93104","0.314557","1.31242","0.994098","0","0.00243592","3.14687e-07","1e+06","412.791","5.05653","10","101","-0.0367358","-0.00394659","41.9434","0.0543634","0","0.00165481","1.15777e-05","0","340.878","65.9678","2","101","0.205","16.697",2025-04-14 18:44:09,2025-04-14 18:37:58,371,6.18333333333333,FALSE,FALSE,"Valid Row"
"20250414","190051","104.792","1","1","1","39.6685","-75.7462","16.39","100.349","341.472","14.8256","412.074","13.8257","1.73877","0.197167","1.59894","0.986003","0","0.00236097","1.97248e-07","1e+06","412.074","18.6146","10","101","0.0198545","0.00225367","75.4215","0.0174508","0","0.00169958","2.25444e-09","1e+06","341.472","349.733","10","101","0.278","14.8721",2025-04-14 19:00:51,2025-04-14 18:44:09,1002,16.7,FALSE,FALSE,"Valid Row"
"20250414","190702","104.797","2","1","1","39.6685","-75.7462","15.66","100.355","341.431","14.4991","417.872","13.5084","1.38134","0.155458","1.57641","0.986697","0","0.00181419","1.55523e-07","1e+06","417.872","13.3243","10","101","0.0618278","0.00696521","21.8808","0.0459563","0","0.00152226","0.100235","341.5","341.431","50","5","101","0.311","15.108",2025-04-14 19:07:02,2025-04-14 19:00:51,371,6.18333333333333,FALSE,FALSE,"Valid Row"
"20250414","191314","104.801","3","1","1","39.6685","-75.7462","15.01","100.336","340.954","14.651","424.451","13.6558","1.6418","0.177027","1.67778","0.983536","0","0.00230193","1.77102e-07","1e+06","424.451","15.2831","10","101","-0.0549345","-0.00592928","28.9109","0.107938","0","0.00171306","1.73903e-05","0","340.954","104.158","3","101","0.326701","14.702",2025-04-14 19:13:14,2025-04-14 19:07:02,372,6.2,FALSE,FALSE,"Valid Row"
"20250414","191925","104.805","4","1","1","39.6685","-75.7462","14.4","100.325","341.028","14.4485","418.409","13.4668","1.02013","0.112011","1.98802","0.972771","0","0.00188344","1.12058e-07","1e+06","418.409","15.6323","10","101","0.0557781","0.00613057","28.6298","0.109847","0","0.00175397","6.13266e-09","1e+06","341.028","90.344","4","101","0.017","14.9",2025-04-14 19:19:25,2025-04-14 19:13:14,371,6.18333333333333,FALSE,FALSE,"Valid Row"
"20250414","192536","104.809","5","1","1","39.6685","-75.7462","13.19","100.324","341.312","15.1289","439.912","14.1463","2.74713","0.29521","1.29988","0.99445","0","0.0022165","2.9534e-07","1e+06","439.912","6.82202","10","101","-0.608769","-0.0654845","2.4771","0.255262","0","0.00146575","0.0789209","340.482","341.312","25.2487","8","101","0.363","13.3",2025-04-14 19:25:36,2025-04-14 19:19:25,371,6.18333333333333,FALSE,FALSE,"Valid Row"
"20250414","193147","104.814","6","1","1","39.6685","-75.7462","13","100.336","340.248","15.0042","434.676","14.0003","10.9334","1.19519","1.16245","0.99147","0","0.0056749","0.0152525","513.036","434.676","21.7458","4","101","-0.0397369","-0.00434827","39.739","0.0601223","0","0.00172734","1.27797e-05","0","340.248","158.797","3","101","0.332","13.8",2025-04-14 19:31:47,2025-04-14 19:25:36,371,6.18333333333333,FALSE,FALSE,"Valid Row"
"20250414","193758","104.818","7","1","1","39.6685","-75.7462","12.31","100.358","340.682","15.5943","435.952","14.5954","1.94647","0.212338","1.41057","0.991466","0","0.00197339","6.14661e-05","3890.5","435.952","0.139312","2","101","-0.0476343","-0.00520164","31.7228","0.0947963","0","0.00164918","0.000166544","309.449","340.682","29.8655","9","101","0.337","14.3",2025-04-14 19:37:58,2025-04-14 19:31:47,371,6.18333333333333,FALSE,FALSE,"Valid Row"
"20250414","194409","104.822","8","1","1","39.6685","-75.7462","12.8","100.358","341.574","15.9999","435.991","14.99","2.85325","0.303646","1.30664","0.994274","0","0.00231585","3.03778e-07","1e+06","435.991","7.79055","10","101","-0.0387826","-0.00413151","44.6948","0.0481413","0","0.00184605","1.20955e-05","0","341.574","-170.926","7","101","0.206","15.6075",2025-04-14 19:44:09,2025-04-14 19:37:58,371,6.18333333333333,FALSE,FALSE,"Valid Row"
"20250414","200051","104.834","1","1","1","39.6685","-75.7462","13.07","100.336","341.199","14.6134","436.833","13.6337","1.83036","0.205167","1.42912","0.991008","0","0.00196423","2.05257e-07","1e+06","436.833","17.4935","10","101","0.0181918","0.00204117","91.6614","0.0118812","0","0.00187084","2.04187e-09","1e+06","341.199","91.2278","2","101","0.278","14",2025-04-14 20:00:51,2025-04-14 19:44:09,1002,16.7,FALSE,FALSE,"Valid Row"
"20250414","200702","104.838","2","1","1","39.6685","-75.7462","12.92","100.364","341.922","14.4454","433.512","13.4588","1.46745","0.163573","1.54111","0.987265","0","0.00182846","0.000313112","955.921","433.512","0.949476","2","101","-0.00160774","-0.00017939","1098.85","8.13039e-05","0","0.00197123","5.24653e-07","0","341.922","-4250.49","4","101","0.311","14.2",2025-04-14 20:07:02,2025-04-14 20:00:51,371,6.18333333333333,FALSE,FALSE,"Valid Row"
"20250414","201314","104.843","3","1","1","39.6685","-75.7462","12.49","100.368","341.798","13.9265","443.299","12.945","1.58423","0.169153","1.66268","0.984035","0","0.00216544","1.69228e-07","1e+06","443.299","14.5064","10","101","-0.0266913","-0.00285274","69.4689","0.0205045","0","0.00198154","8.3463e-06","0","341.798","-128.763","7","101","0.325702","14.1",2025-04-14 20:13:14,2025-04-14 20:07:02,372,6.2,FALSE,FALSE,"Valid Row"
"20250414","201925","104.847","4","1","1","39.6685","-75.7462","12.32","100.374","341.242","13.8377","431.177","12.873","1.01384","0.110398","2.29624","0.960564","0","0.00224817","1.10445e-07","1e+06","431.177","88.6092","5","101","0.0188116","0.00205041","96.8467","0.010656","0","0.00198563","2.05111e-09","1e+06","341.242","241.647","6","101","0.0524378","14.1",2025-04-14 20:19:25,2025-04-14 20:13:14,371,6.18333333333333,FALSE,FALSE,"Valid Row"
"20250414","202536","104.851","5","1","1","39.6685","-75.7462","11.94","100.388","341.09","13.801","427.539","12.8316","2.58913","0.276463","1.35494","0.993019","0","0.00232975","2.76582e-07","1e+06","427.539","-2.69507","10","101","-0.0399653","-0.00427163","46.4119","0.0115345","0","0.00198203","0.000279836","325.825","341.09","-50","7","101","0.362","13.1",2025-04-14 20:25:36,2025-04-14 20:19:25,371,6.18333333333333,FALSE,FALSE,"Valid Row"
"20250414","203147","104.855","6","1","1","39.6685","-75.7462","12.11","100.396","340.596","14.0398","431.997","13.0589","6.24875","0.679855","1.56289","0.987127","0","0.00780287","6.80149e-07","1e+06","431.997","22.9147","10","101","-0.0312654","-0.00340501","57.5809","0.0295727","0","0.00196031","9.99722e-06","0","340.596","135.202","2","101","0.336741","13.3",2025-04-14 20:31:47,2025-04-14 20:25:36,371,6.18333333333333,FALSE,FALSE,"Valid Row"
"20250414","203758","104.86","7","1","1","39.6685","-75.7462","11.66","100.409","340.343","14.039","455.077","13.0528","2.06546","0.224349","1.49563","0.987941","0","0.0023651","0.00130899","626.468","455.077","31.4023","3","101","-0.0127124","-0.0013822","143.786","0.00486277","0","0.00198735","4.0612e-06","0","340.343","176.095","3","101","0.337","13.8",2025-04-14 20:37:58,2025-04-14 20:31:47,371,6.18333333333333,FALSE,FALSE,"Valid Row"
"20250414","204409","104.864","8","1","1","39.6685","-75.7462","11.68","100.398","340.571","14.0488","464.109","13.0739","2.82285","0.298522","1.39488","0.991948","0","0.00270317","2.98661e-07","1e+06","464.109","43.301","10","101","-0.0230584","-0.00244089","86.807","0.0132294","0","0.0021187","7.16703e-06","0","340.571","114.029","3","101","0.207104","14.7",2025-04-14 20:44:09,2025-04-14 20:37:58,371,6.18333333333333,FALSE,FALSE,"Valid Row"
"20250414","210051","104.876","1","1","1","39.6685","-75.7462","11.5","100.399","341.185","13.1953","462.181","12.241","1.72309","0.191685","1.9393","0.974576","0","0.00311158","1.91774e-07","1e+06","462.181","18.9824","10","101","0.00421305","0.000469134","452.855","0.000492305","0","0.00212449","4.69294e-10","1e+06","341.185","303.362","2","101","0.277","13.3",2025-04-14 21:00:51,2025-04-14 20:44:09,1002,16.7,FALSE,FALSE,"Valid Row"
"20250414","210702","104.88","2","1","1","39.6685","-75.7462","11.7","100.418","340.948","13.298","435.438","12.3485","1.41343","0.156615","1.92027","0.975263","0","0.00250687","1.56684e-07","1e+06","435.438","33.4549","10","101","0.00311664","0.000345673","648.389","0.00024021","0","0.0022413","3.45791e-10","1e+06","340.948","203.237","3","101","0.31","13.5",2025-04-14 21:07:02,2025-04-14 21:00:51,371,6.18333333333333,FALSE,FALSE,"Valid Row"
"20250414","211314","104.884","3","1","1","39.6686","-75.7462","11.76","100.411","341.177","13.3843","447.475","12.4304","1.63112","0.173543","1.97352","0.973315","0","0.00288801","1.73621e-07","1e+06","447.475","-6.19661","10","101","-0.00457175","-0.000486884","447.346","0.000504491","0","0.00217805","1.42707e-06","0","341.177","440.867","3","101","0.325","13.5",2025-04-14 21:13:14,2025-04-14 21:07:02,372,6.2,FALSE,FALSE,"Valid Row"
"20250414","211925","104.888","4","1","1","39.6686","-75.7462","11.65","100.397","341.291","13.4496","446.576","12.4948","1.05542","0.114582","2.99935","0.927716","0","0.00321448","1.14633e-07","1e+06","446.576","29.3932","10","101","0.0179916","0.00195514","113.311","0.00988677","0","0.0022153","0.000721187","344.002","341.291","4.72733","2","101","0.035","13.5",2025-04-14 21:19:25,2025-04-14 21:13:14,371,6.18333333333333,FALSE,FALSE,"Valid Row"
"20250414","212536","104.893","5","1","1","39.6686","-75.7462","11.38","100.407","340.582","13.4974","450.996","12.5128","2.71453","0.289128","1.44389","0.990594","0","0.00283154","2.89258e-07","1e+06","450.996","12.0076","10","101","-0.00561196","-0.000598333","358.442","0.000785525","0","0.00214467","1.7568e-06","0","340.582","405.534","3","101","0.362","12.8",2025-04-14 21:25:36,2025-04-14 21:19:25,371,6.18333333333333,FALSE,FALSE,"Valid Row"
"20250414","213147","104.897","6","1","1","39.6685","-75.7462","11.39","100.423","341.263","13.6228","441.304","12.6579","6.67776","0.724282","1.36524","0.991216","0","0.00622348","0.00197819","807.439","441.304","20.6355","2","101","-0.0088106","-0.000956548","210.564","0.00227321","0","0.00201412","2.80297e-06","0","341.263","-192.377","6","101","0.331","13",2025-04-14 21:31:47,2025-04-14 21:25:36,371,6.18333333333333,FALSE,FALSE,"Valid Row"
"20250414","213758","104.901","7","1","1","39.6685","-75.7462","11.26","100.416","341.317","13.6825","474.31","12.7102","1.88218","0.204062","1.6165","0.985488","0","0.00248875","2.04159e-07","1e+06","474.31","38.4792","10","101","-0.0135207","-0.00146732","136.249","0.00753102","0","0.00199915","3.2905e-05","296.724","341.317","-42.8962","5","101","0.337","13.4",2025-04-14 21:37:58,2025-04-14 21:31:47,371,6.18333333333333,FALSE,FALSE,"Valid Row"
"20250414","214409","104.906","8","1","1","39.6685","-75.7462","11.35","100.426","341.224","13.7258","484.218","12.7531","2.7763","0.293086","1.46556","0.98998","0","0.00296349","2.93228e-07","1e+06","484.218","50.9742","10","101","-0.015135","-0.00159933","129.868","0.00987858","0","0.00207696","1.32123e-05","220.175","341.224","17.7519","4","101","0.208","14.1",2025-04-14 21:44:09,2025-04-14 21:37:58,371,6.18333333333333,FALSE,FALSE,"Valid Row"
"20250414","220051","104.917","1","1","1","39.6685","-75.7462","11.57","100.41","340.846","13.2455","457.158","12.3136","1.82057","0.202577","1.50508","0.988306","0","0.00216259","0.000362247","1016.38","457.158","11.4702","2","101","0.0830876","0.00925398","22.0782","0.0135577","0","0.00204075","0.0153102","341.451","340.846","-30.0341","7","101","0.277","12.9",2025-04-14 22:00:51,2025-04-14 21:44:09,1002,16.7,FALSE,FALSE,"Valid Row"
"20250414","220702","104.922","2","1","1","39.6685","-75.7462","11.87","100.416","341.39","13.6249","441.891","12.6638","1.53861","0.170636","1.87447","0.976901","0","0.00263709","1.70712e-07","1e+06","441.891","0.747414","10","101","0.00135754","0.000150702","1310.74","5.879e-05","0","0.00197531","1.50753e-10","1e+06","341.39","-1580.24","3","101","0.31","13.0677",2025-04-14 22:07:02,2025-04-14 22:00:51,371,6.18333333333333,FALSE,FALSE,"Valid Row"
"20250414","221314","104.926","3","1","1","39.6685","-75.7462","12.09","100.404","341.978","13.7474","440.388","12.7819","2.09359","0.223099","1.74587","0.976756","0","0.00309361","0.00170745","571.051","440.388","5.51093","2","101","0.0170138","0.00181482","115.576","0.00750572","0","0.00209741","1.81544e-09","1e+06","341.978","93.5623","2","101","0.324701","13.1",2025-04-14 22:13:14,2025-04-14 22:07:02,372,6.2,FALSE,FALSE,"Valid Row"
"20250414","221925","104.93","4","1","1","39.6685","-75.7462","11.97","100.395","341.681","13.8912","441.116","12.9246","0.970438","0.10553","3.72042","0.888188","0","0.00376312","1.05576e-07","1e+06","441.116","27.1252","10","101","0.0331079","0.00360382","56.0951","0.0260845","0","0.00202121","0.00238753","343.19","341.681","37.395","2","101","0.0457164","13.1",2025-04-14 22:19:25,2025-04-14 22:13:14,371,6.18333333333333,FALSE,FALSE,"Valid Row"
"20250414","222536","104.934","5","1","1","39.6684","-75.7462","11.69","100.39","341.657","14.1665","472.282","13.2178","3.3721","0.359894","1.24445","0.994612","0","0.00233988","0.00164832","690.621","472.282","-8.75343","2","101","-0.0693807","-0.00741191","26.3966","0.0143711","0","0.00195491","0.0250881","341.362","341.657","22.1915","4","101","0.362","12.7",2025-04-14 22:25:36,2025-04-14 22:19:25,371,6.18333333333333,FALSE,FALSE,"Valid Row"
"20250414","223147","104.939","6","1","1","39.6684","-75.7462","11.75","100.397","341.541","14.4312","488.682","13.4612","19.7526","2.14735","1.1393","0.987585","0","0.00891155","0.0197742","597.275","488.682","13.9888","4","101","-0.00914017","-0.000994629","189.801","0.00279627","0","0.00188779","2.91218e-06","0","341.541","201.15","4","101","0.332","12.7",2025-04-14 22:31:47,2025-04-14 22:25:36,371,6.18333333333333,FALSE,FALSE,"Valid Row"
"20250414","223758","104.943","7","1","1","39.6684","-75.7462","11.69","100.388","341.336","14.4146","526.596","13.4206","2.07165","0.225169","1.58059","0.98597","0","0.00263777","0.000899412","776.947","526.596","40.3627","3","101","-0.00146657","-0.000159562","1210.77","6.89036e-05","0","0.00193194","4.67464e-07","0","341.336","240.593","3","101","0.337","13.1",2025-04-14 22:37:58,2025-04-14 22:31:47,371,6.18333333333333,FALSE,FALSE,"Valid Row"
"20250414","224409","104.947","8","1","1","39.6684","-75.7462","11.91","100.406","341.772","14.5487","512.321","13.5753","4.50631","0.477162","1.26748","0.989809","0","0.00330991","0.00370151","641.231","512.321","-34.3671","5","101","-0.0131422","-0.00139296","132.85","0.00611257","0","0.00185049","2.57502e-05","287.676","341.772","41.786","4","101","0.209","13.7",2025-04-14 22:44:09,2025-04-14 22:37:58,371,6.18333333333333,FALSE,FALSE,"Valid Row"
"20250414","230051","104.959","1","1","1","39.6685","-75.7462","12.12","100.427","343.7","14.0683","536.609","13.1285","2.05651","0.229419","1.54341","0.985699","0","0.00257251","0.000826661","814.134","536.609","-25.5845","3","101","0.0586583","0.00655","30.4753","0.0382334","0","0.00199492","0.00506566","344.993","343.7","-42.9602","3","101","0.277","12.7",2025-04-14 23:00:51,2025-04-14 22:44:09,1002,16.7,FALSE,FALSE,"Valid Row"
"20250414","230702","104.963","2","1","1","39.6685","-75.7463","12.06","100.45","344.173","14.1153","508.746","13.1247","1.94038","0.215372","2.12755","0.952587","0","0.00397248","0.00269323","588.713","508.746","-2.69145","2","101","0.00410976","0.000456619","428.537","0.000549732","0","0.00195678","4.56776e-10","1e+06","344.173","323.594","5","101","0.31","12.8",2025-04-14 23:07:02,2025-04-14 23:00:51,371,6.18333333333333,FALSE,FALSE,"Valid Row"
"20250414","231314","104.968","3","1","1","39.6685","-75.7462","12.05","100.438","343.238","14.2282","500.65","13.2518","1.94058","0.206802","1.80124","0.979446","0","0.0030109","2.06905e-07","1e+06","500.65","-9.10497","10","101","0.0634872","0.00677232","28.1711","0.0868586","0","0.00190648","0.0012931","348.475","343.238","-11.4887","3","101","0.324701","12.8",2025-04-14 23:13:14,2025-04-14 23:07:02,372,6.2,FALSE,FALSE,"Valid Row"
"20250414","231925","104.972","4","1","1","39.6685","-75.7462","12.07","100.431","342.771","14.178","482.623","13.1833","0.914761","0.0994919","3.27065","0.913437","0","0.00307821","9.95399e-08","1e+06","482.623","1.37104","10","101","0.0451225","0.0049126","40.8465","0.0470747","0","0.00200595","0.00085977","348.485","342.771","-6.32689","3","101","0.0583035","12.8274",2025-04-14 23:19:25,2025-04-14 23:13:14,371,6.18333333333333,FALSE,FALSE,"Valid Row"
"20250414","232536","104.976","5","1","1","39.6685","-75.7462","11.92","100.414","342.289","14.4282","489.08","13.4418","3.13009","0.334319","1.34058","0.993151","0","0.0027406","0.000237722","1895.42","489.08","-7.72201","2","101","0.00309603","0.000331012","526.951","0.000363636","0","0.00174427","3.31125e-10","1e+06","342.289","446.286","6","101","0.362","12.5",2025-04-14 23:25:36,2025-04-14 23:19:25,371,6.18333333333333,FALSE,FALSE,"Valid Row"
"20250414","233147","104.98","6","1","1","39.6685","-75.7462","11.91","100.393","342.023","14.5203","484.38","13.5476","10.3041","1.12095","1.21886","0.991903","0","0.00672518","0.0102034","594.24","484.38","26.2518","5","101","0.00217673","0.000237033","785.395","0.000163726","0","0.00186164","2.37114e-10","1e+06","342.023","-446.804","2","101","0.331701","12.6",2025-04-14 23:31:47,2025-04-14 23:25:36,371,6.18333333333333,FALSE,FALSE,"Valid Row"
"20250414","233758","104.985","7","1","1","39.6685","-75.7462","11.98","100.395","342.287","14.6531","478.203","13.6672","3.2666","0.355474","1.33394","0.986724","0","0.00287436","0.00388068","569.804","478.203","-24.6323","5","101","0.00330711","0.000360242","533.019","0.000378862","0","0.00192015","0.000450186","343.087","342.287","0.475946","2","101","0.337","12.9",2025-04-14 23:37:58,2025-04-14 23:31:47,371,6.18333333333333,FALSE,FALSE,"Valid Row"
"20250414","234409","104.989","8","1","1","39.6685","-75.7462","12.02","100.354","342.045","14.7104","490.818","13.7121","2.883","0.30557","1.38634","0.992185","0","0.00272568","3.0572e-07","1e+06","490.818","43.8325","10","101","-0.00199902","-0.000212092","863.179","0.000135559","0","0.00183073","6.20069e-07","0","342.045","394.442","4","101","0.21","13.5",2025-04-14 23:44:09,2025-04-14 23:37:58,371,6.18333333333333,FALSE,FALSE,"Valid Row"
"20250415","000051","105.001","1","1","1","39.6685","-75.7462","12.13","100.264","342.072","14.1857","450.983","13.244","1.67724","0.187437","1.83246","0.978401","0","0.00279895","1.87522e-07","1e+06","450.983","23.0101","10","101","0.00602312","0.000673744","265.632","0.00681699","0","0.00178967","5.47495e-05","354.378","342.072","-31.4249","3","101","0.277","12.6",2025-04-15 00:00:51,2025-04-14 23:44:09,1002,16.7,FALSE,FALSE,"Valid Row"
"20250415","000702","105.005","2","1","1","39.6685","-75.7463","12.72","100.233","341.464","14.4888","429.262","13.4943","1.62076","0.180767","1.64135","0.984735","0","0.00226202","1.80845e-07","1e+06","429.262","18.8586","10","101","0.0104363","0.00116516","159.375","0.00138978","0","0.00185694","1.83514e-05","404.956","341.464","50","4","101","0.31","12.6",2025-04-15 00:07:02,2025-04-15 00:00:51,371,6.18333333333333,FALSE,FALSE,"Valid Row"
"20250415","001314","105.009","3","1","1","39.6685","-75.7462","12.87","100.188","341.694","14.7916","428.878","13.8008","2.00416","0.214837","1.70021","0.982856","0","0.00285169","2.1493e-07","1e+06","428.878","25.5435","10","101","0.0396959","0.00425951","46.4466","0.04229","0","0.00197788","0.00156263","344.42","341.694","37.5553","3","101","0.324701","12.6915",2025-04-15 00:13:14,2025-04-15 00:07:02,372,6.2,FALSE,FALSE,"Valid Row"
"20250415","001925","105.013","4","1","1","39.6685","-75.7462","12.61","100.159","341.789","14.804","434.911","13.795","0.717668","0.0784696","3.80413","0.875351","0","0.00286619","0.000717593","544.263","434.911","4.44781","8","101","0.00694139","0.000759747","252.93","0.00157647","0","0.00192162","7.60007e-10","1e+06","341.789","-154.841","3","101","0.0890796","12.7",2025-04-15 00:19:25,2025-04-15 00:13:14,371,6.18333333333333,FALSE,FALSE,"Valid Row"
"20250415","002536","105.018","5","1","1","39.6685","-75.7462","12.24","100.17","341.609","14.8426","453.893","13.8622","2.60173","0.27901","1.44567","0.990584","0","0.00273389","2.79137e-07","1e+06","453.893","19.0469","10","101","-0.010968","-0.00117738","156.716","0.00409583","0","0.0018451","3.44657e-06","0","341.609","186.542","4","101","0.362","12.4",2025-04-15 00:25:36,2025-04-15 00:19:25,371,6.18333333333333,FALSE,FALSE,"Valid Row"
"20250415","003147","105.022","6","1","1","39.6685","-75.7463","12.53","100.223","342.287","14.9007","437.287","13.9238","4.17546","0.456169","1.67259","0.983745","0","0.00589334","4.56369e-07","1e+06","437.287","28.2988","10","101","-0.0150475","-0.00164557","113.146","0.00782865","0","0.00186181","4.80756e-06","0","342.287","-220.719","7","101","0.333","12.5",2025-04-15 00:31:47,2025-04-15 00:25:36,371,6.18333333333333,FALSE,FALSE,"Valid Row"
"20250415","003758","105.026","7","1","1","39.6685","-75.7463","12.72","100.237","341.613","15.2052","432.144","14.2153","1.91331","0.209189","1.67393","0.983698","0","0.00270653","2.09279e-07","1e+06","432.144","13.3567","10","101","0.00529884","0.000579924","318.531","0.000994567","0","0.00184723","5.80122e-10","1e+06","341.613","252.995","3","101","0.339","12.8",2025-04-15 00:37:58,2025-04-15 00:31:47,371,6.18333333333333,FALSE,FALSE,"Valid Row"
"20250415","004409","105.031","8","1","1","39.6685","-75.7462","12.52","100.239","341.486","15.3415","440.011","14.3443","3.21195","0.341646","1.32715","0.991855","0","0.00271849","0.00188613","621.147","440.011","-2.29995","2","101","-0.000432598","-4.60608e-05","4232.95","0.000559065","0","0.00194973","1e-05","336.88","341.486","-50","2","101","0.214","13.3",2025-04-15 00:44:09,2025-04-15 00:37:58,371,6.18333333333333,FALSE,FALSE,"Valid Row"
"20250415","010051","105.042","1","1","1","39.6685","-75.7462","12.21","100.145","342.117","14.4539","450.144","13.483","1.75946","0.196976","1.98474","0.972945","0","0.00330122","1.97065e-07","1e+06","450.144","15.3313","10","101","0.00458133","0.000513398","361.362","0.000772945","0","0.00185522","5.13574e-10","1e+06","342.117","616.818","7","101","0.278","12.5",2025-04-15 01:00:51,2025-04-15 00:44:09,1002,16.7,FALSE,FALSE,"Valid Row"
"20250415","010702","105.047","2","1","1","39.6685","-75.7462","12.18","100.148","341.472","14.3779","444.81","13.362","1.54711","0.172351","1.83667","0.978276","0","0.00258125","1.72427e-07","1e+06","444.81","24.3881","10","101","0.00463502","0.000516881","360.808","0.000775317","0","0.00186494","5.17057e-10","1e+06","341.472","-502.469","2","101","0.311","12.5",2025-04-15 01:07:02,2025-04-15 01:00:51,371,6.18333333333333,FALSE,FALSE,"Valid Row"
"20250415","011314","105.051","3","1","1","39.6685","-75.7463","12.13","100.137","342.721","14.3435","462.134","13.3455","1.8984","0.202983","1.85113","0.977774","0","0.0030758","2.03077e-07","1e+06","462.134","-5.3311","10","101","0.0348958","0.00373496","49.6976","0.0431748","0","0.00185576","0.000517704","349.935","342.721","39.0732","4","101","0.325702","12.5",2025-04-15 01:13:14,2025-04-15 01:07:02,372,6.2,FALSE,FALSE,"Valid Row"
"20250415","011925","105.055","4","1","1","39.6685","-75.7463","11.72","100.15","342.124","14.0184","461.63","13.0139","1.47057","0.160179","2.9958","0.788263","0","0.00448617","0.00412874","500.426","461.63","-50","6","101","0.0162288","0.00176948","106.131","0.00888891","0","0.00187787","1.77009e-09","1e+06","342.124","-250.669","6","101","0.253403","12.5",2025-04-15 01:19:25,2025-04-15 01:13:14,371,6.18333333333333,FALSE,FALSE,"Valid Row"
"20250415","012536","105.059","5","1","1","39.6685","-75.7463","11.34","100.146","342.69","14.1105","537.483","13.1276","3.03782","0.324591","1.46855","0.989949","0","0.00328713","3.24766e-07","1e+06","537.483","-26.414","10","101","0.0141616","0.00151468","124.533","0.00647151","0","0.00188621","1.5152e-09","1e+06","342.69","116.337","3","101","0.362","12.4",2025-04-15 01:25:36,2025-04-15 01:19:25,371,6.18333333333333,FALSE,FALSE,"Valid Row"
"20250415","013147","105.064","6","1","1","39.6685","-75.7462","11.46","100.119","343.896","14.2876","514.939","13.2945","10.931","1.19018","1.38041","0.984158","0","0.0104711","0.00995326","634.516","514.939","29.7504","5","101","-0.00187385","-0.000204233","923.442","0.000118434","0","0.00188597","5.93879e-07","0","343.896","484.373","3","101","0.332766","12.4",2025-04-15 01:31:47,2025-04-15 01:25:36,371,6.18333333333333,FALSE,FALSE,"Valid Row"
"20250415","013758","105.068","7","1","1","39.6685","-75.7462","11.23","100.133","343.275","14.1337","513.78","13.1273","3.27391","0.356081","1.31265","0.985463","0","0.00273882","0.00415182","599.545","513.78","-40.7336","5","101","0.00652611","0.000710524","271.347","0.00137002","0","0.00192797","7.10768e-10","1e+06","343.275","-335.147","5","101","0.34","12.7",2025-04-15 01:37:58,2025-04-15 01:31:47,371,6.18333333333333,FALSE,FALSE,"Valid Row"
"20250415","014409","105.072","8","1","1","39.6685","-75.7462","11.02","100.132","343.627","14.0397","531.237","13.0577","3.25833","0.344696","1.33704","0.991763","0","0.00279205","0.00139018","779.188","531.237","-18.2601","3","101","-0.00365432","-0.000386974","475.904","0.00053395","0","0.00184162","3.27396e-05","331.807","343.627","-33.4847","4","101","0.216","13.1",2025-04-15 01:44:09,2025-04-15 01:37:58,371,6.18333333333333,FALSE,FALSE,"Valid Row"
"20250415","020051","105.084","1","1","1","39.6685","-75.7463","12.24","100.092","341.844","14.011","443.459","13.052","1.95037","0.218382","1.67492","0.978137","0","0.00282551","0.00243424","533.172","443.459","6.99332","2","101","0.0113656","0.00127384","144.467","0.00481678","0","0.00184022","1.27427e-09","1e+06","341.844","-91.3458","3","101","0.278","12.3",2025-04-15 02:00:51,2025-04-15 01:44:09,1002,16.7,FALSE,FALSE,"Valid Row"
"20250415","020702","105.088","2","1","1","39.6685","-75.7463","12.27","100.083","341.606","13.9647","441.154","12.9753","1.8169","0.202512","1.67931","0.976965","0","0.00263156","0.00242899","524.527","441.154","-1.24517","2","101","0.0265726","0.00296476","64.3463","0.0174963","0","0.00190745","0.00206173","343.044","341.606","48.6175","2","101","0.311","12.3",2025-04-15 02:07:02,2025-04-15 02:00:51,371,6.18333333333333,FALSE,FALSE,"Valid Row"
"20250415","021314","105.093","3","1","1","39.6685","-75.7463","12.05","100.077","342.201","13.8622","450.45","12.875","1.89733","0.202854","1.5469","0.985763","0","0.00227794","0.00100212","652.875","450.45","-1.25659","2","101","0.0228717","0.0024478","77.4538","0.0165618","0","0.00189573","2.44863e-09","1e+06","342.201","-89.9773","2","101","0.326","12.3",2025-04-15 02:13:14,2025-04-15 02:07:02,372,6.2,FALSE,FALSE,"Valid Row"
"20250415","021925","105.097","4","1","1","39.6685","-75.7463","12.28","100.088","341.728","14.0013","442.33","13.0314","0.860957","0.0940217","2.71994","0.941585","0","0.00235367","9.40633e-08","1e+06","442.33","-3.4671","10","101","0.0461683","0.00504681","34.6863","0.0434725","0","0.00174973","0.00848222","342.323","341.728","21.302","3","101","0.108","12.3",2025-04-15 02:19:25,2025-04-15 02:13:14,371,6.18333333333333,FALSE,FALSE,"Valid Row"
"20250415","022536","105.101","5","1","1","39.6686","-75.7463","12","100.058","341.558","14.3153","445.435","13.3288","3.11697","0.334183","1.41457","0.990414","0","0.00311472","0.000848835","839.131","445.435","1.87392","2","101","0.0052969","0.00056847","333.4","0.000907909","0","0.00189527","5.68664e-10","1e+06","341.558","-157.827","2","101","0.362781","12.3",2025-04-15 02:25:36,2025-04-15 02:19:25,371,6.18333333333333,FALSE,FALSE,"Valid Row"
"20250415","023147","105.105","6","1","1","39.6686","-75.7463","12.03","100.055","342.213","14.3898","446.434","13.3883","8.41406","0.918603","1.58311","0.98658","0","0.0107678","9.19013e-07","1e+06","446.434","28.349","10","101","-0.0141357","-0.00154483","121.231","0.00478409","0","0.00187275","0.00312949","341.719","342.213","43.8669","4","101","0.333","12.2",2025-04-15 02:31:47,2025-04-15 02:25:36,371,6.18333333333333,FALSE,FALSE,"Valid Row"
"20250415","023758","105.11","7","1","1","39.6686","-75.7463","11.73","100.045","342.346","14.2193","445.805","13.2176","2.31804","0.252809","1.68105","0.979841","0","0.00328958","0.00118054","659.951","445.805","-17.5239","3","101","0.00204069","0.000222787","855.063","0.000138136","0","0.00190497","2.22863e-10","1e+06","342.346","482.627","4","101","0.34","12.5",2025-04-15 02:37:58,2025-04-15 02:31:47,371,6.18333333333333,FALSE,FALSE,"Valid Row"
"20250415","024409","105.114","8","1","1","39.6686","-75.7463","11.84","100.037","342.812","14.5081","452.704","13.5066","3.34635","0.355512","1.25408","0.994718","0","0.00235803","0.001215","745.306","452.704","-9.93835","2","101","-0.0031438","-0.000334333","558.43","0.000323838","0","0.00186701","9.75268e-07","0","342.812","159.883","3","101","0.218","12.897",2025-04-15 02:44:09,2025-04-15 02:37:58,371,6.18333333333333,FALSE,FALSE,"Valid Row"
"20250415","030051","105.126","1","1","1","39.6686","-75.7463","12.18","100.007","341.792","13.991","444.035","13.0155","1.67299","0.187437","1.76454","0.98077","0","0.00263782","1.8752e-07","1e+06","444.035","1.0137","10","101","0.0066161","0.000741982","246.801","0.0023988","0","0.0018312","0.000820495","342.697","341.792","-6.16534","2","101","0.278","12.1",2025-04-15 03:00:51,2025-04-15 02:44:09,1002,16.7,FALSE,FALSE,"Valid Row"
"20250415","030702","105.13","2","1","1","39.6686","-75.7462","12.24","100.012","341.73","13.8869","443.51","12.883","1.72952","0.192872","1.89437","0.972111","0","0.00302245","0.00122707","600.691","443.51","2.8593","2","101","0.0120112","0.00134083","140.156","0.00511609","0","0.00187919","1.34128e-09","1e+06","341.73","-116.903","4","101","0.312","12.1677",2025-04-15 03:07:02,2025-04-15 03:00:51,371,6.18333333333333,FALSE,FALSE,"Valid Row"
"20250415","031314","105.134","3","1","1","39.6685","-75.7462","12.14","100.014","342.064","13.8112","445.722","12.8286","1.84231","0.197125","1.81129","0.979179","0","0.00288896","1.97213e-07","1e+06","445.722","-3.52988","10","101","0.0224513","0.00240466","78.1793","0.0169435","0","0.00187977","0.00102435","344.412","342.064","-9.54381","3","101","0.326682","12.2",2025-04-15 03:13:14,2025-04-15 03:07:02,372,6.2,FALSE,FALSE,"Valid Row"
"20250415","031925","105.138","4","1","1","39.6685","-75.7462","11.89","100.006","342.015","13.7887","451.689","12.8084","1.16227","0.126824","2.52915","0.928027","0","0.00290955","0.00212303","511.426","451.689","-22.6615","8","101","0.028255","0.00308616","63.0388","0.0247953","0","0.0019452","3.08722e-09","1e+06","342.015","-147.965","5","101","0.098194","12.2",2025-04-15 03:19:25,2025-04-15 03:13:14,371,6.18333333333333,FALSE,FALSE,"Valid Row"
"20250415","032536","105.143","5","1","1","39.6685","-75.7462","11.4","99.9902","341.972","13.7474","449.079","12.7537","3.85392","0.412341","1.2715","0.994185","0","0.00286462","0.00124607","779.993","449.079","-11.036","3","101","0.0150607","0.00161301","109.161","0.00840636","0","0.00176069","1.61356e-09","1e+06","341.972","100.389","2","101","0.362517","12.2",2025-04-15 03:25:36,2025-04-15 03:19:25,371,6.18333333333333,FALSE,FALSE,"Valid Row"
"20250415","033147","105.147","6","1","1","39.6685","-75.7462","11.42","99.9962","342.542","13.7306","450.466","12.7354","19.0038","2.07017","1.21803","0.969701","0","0.0122408","0.027613","525.436","450.466","22.2546","5","101","-0.0230961","-0.0025185","72.2281","0.00550681","0","0.00181886","0.00149818","340.861","342.542","-50","5","101","0.333","12.1",2025-04-15 03:31:47,2025-04-15 03:25:36,371,6.18333333333333,FALSE,FALSE,"Valid Row"
"20250415","033758","105.151","7","1","1","39.6685","-75.7462","11.52","100.008","341.84","13.727","444.866","12.7482","2.33171","0.254079","1.50263","0.985957","0","0.00269405","0.00154583","609.23","444.866","-9.73881","2","101","0.00729664","0.000795881","238.963","0.00176581","0","0.00190184","7.96153e-10","1e+06","341.84","142.079","3","101","0.34","12.4",2025-04-15 03:37:58,2025-04-15 03:31:47,371,6.18333333333333,FALSE,FALSE,"Valid Row"
"20250415","034409","105.156","8","1","1","39.6685","-75.7462","10.94","99.9935","342.343","13.7501","487.953","12.7513","3.08355","0.326466","1.31297","0.993815","0","0.00250633","0.000535199","1097.94","487.953","9.19106","2","101","0.00376033","0.000398522","481.4","0.000435678","0","0.00191848","3.98658e-10","1e+06","342.343","580.11","6","101","0.219","12.6",2025-04-15 03:44:09,2025-04-15 03:37:58,371,6.18333333333333,FALSE,FALSE,"Valid Row"
"20250415","040051","105.167","1","1","1","39.6685","-75.7462","11.44","99.9565","342.975","13.037","455.615","12.0615","1.7258","0.19276","1.88762","0.975176","0","0.00300383","0.000445793","888.014","455.615","4.16358","2","101","0.0119329","0.00133415","142.447","0.00307596","0","0.00190041","0.00147926","343.877","342.975","-50","2","101","0.278","11.8",2025-04-15 04:00:51,2025-04-15 03:44:09,1002,16.7,FALSE,FALSE,"Valid Row"
"20250415","040702","105.172","2","1","1","39.6685","-75.7462","12.01","99.9835","341.522","13.2395","442.436","12.2704","1.56742","0.174603","2.39583","0.956387","0","0.00374735","1.7468e-07","1e+06","442.436","14.7535","10","101","0.00974427","0.00108653","173.242","0.00335439","0","0.00188229","1.0869e-09","1e+06","341.522","-37.8565","2","101","0.312","11.9",2025-04-15 04:07:02,2025-04-15 04:00:51,371,6.18333333333333,FALSE,FALSE,"Valid Row"
"20250415","041314","105.176","3","1","1","39.6685","-75.7462","12.22","99.9675","342.027","13.5746","438.896","12.5881","2.05818","0.220339","1.67108","0.983844","0","0.00283781","2.20436e-07","1e+06","438.896","3.0897","10","101","0.0700294","0.0075045","24.7315","0.0973699","0","0.00185426","0.00349951","344.172","342.027","2.96287","2","101","0.326299","12",2025-04-15 04:13:14,2025-04-15 04:07:02,372,6.2,FALSE,FALSE,"Valid Row"
"20250415","041925","105.18","4","1","1","39.6685","-75.7462","12","99.953","342.075","13.6854","443.601","12.7114","1.02295","0.111721","2.30478","0.960284","0","0.00228349","1.1177e-07","1e+06","443.601","-1.12217","10","101","0.0663878","0.00725766","25.7574","0.080525","0","0.00186778","0.00393065","343.921","342.075","-19.1631","3","101","0.0742736","11.9572",2025-04-15 04:19:25,2025-04-15 04:13:14,371,6.18333333333333,FALSE,FALSE,"Valid Row"
"20250415","042536","105.184","5","1","1","39.6685","-75.7462","11.46","99.9525","341.907","13.7431","448.945","12.7685","2.72206","0.291403","1.43873","0.990826","0","0.00281808","2.91534e-07","1e+06","448.945","0.394711","10","101","0.00724496","0.000776357","225.606","0.00198067","0","0.00175149","7.76622e-10","1e+06","341.907","-243.709","4","101","0.362","12",2025-04-15 04:25:36,2025-04-15 04:19:25,371,6.18333333333333,FALSE,FALSE,"Valid Row"
"20250415","043147","105.189","6","1","1","39.6684","-75.7462","12.01","99.9385","342.295","13.9328","443.18","12.9227","7.7091","0.842189","1.274","0.993329","0","0.00588622","0.00366653","672.877","443.18","24.4421","2","101","-0.0167451","-0.00183121","106.608","0.00402946","0","0.00195211","2.02695e-05","251.952","342.295","-50","5","101","0.333","12",2025-04-15 04:31:47,2025-04-15 04:25:36,371,6.18333333333333,FALSE,FALSE,"Valid Row"
"20250415","043758","105.193","7","1","1","39.6684","-75.7462","12.13","99.9528","341.944","14.2829","440.697","13.3176","2.06972","0.226264","1.58581","0.985218","0","0.00265856","0.000663014","781.963","440.697","0.0165487","2","101","-0.00150263","-0.00016443","1147.67","7.66788e-05","0","0.00188712","4.80868e-07","0","341.944","221.454","2","101","0.34","12.3",2025-04-15 04:37:58,2025-04-15 04:31:47,371,6.18333333333333,FALSE,FALSE,"Valid Row"
"20250415","044409","105.197","8","1","1","39.6684","-75.7462","12.22","99.965","341.671","14.6468","440.364","13.6561","3.43567","0.365832","1.29191","0.993257","0","0.00267608","0.00172966","651.87","440.364","-0.851668","2","101","-0.00705772","-0.000752265","224.571","0.00199911","0","0.00168935","2.20173e-06","0","341.671","165.131","4","101","0.219701","12.4",2025-04-15 04:44:09,2025-04-15 04:37:58,371,6.18333333333333,FALSE,FALSE,"Valid Row"
"20250415","050051","105.209","1","1","1","39.6685","-75.7462","12.8","99.9498","342.074","13.971","437.776","12.9855","1.71266","0.192394","1.75395","0.98113","0","0.00268159","1.92478e-07","1e+06","437.776","5.84645","10","101","-0.00154595","-0.00017384","1060.41","8.97796e-05","0","0.00184342","5.08193e-07","0","342.074","-1505.53","7","101","0.278","11.8",2025-04-15 05:00:51,2025-04-15 04:44:09,1002,16.7,FALSE,FALSE,"Valid Row"
"20250415","050702","105.213","2","1","1","39.6684","-75.7462","12.88","99.9443","341.976","14.0262","436.992","13.0517","1.55111","0.173514","2.3552","0.958138","0","0.00364514","1.7359e-07","1e+06","436.992","2.40197","10","101","-0.00114492","-0.000128203","1425.76","4.96898e-05","0","0.00182787","3.74889e-07","0","341.976","-1144.46","5","101","0.313","11.8",2025-04-15 05:07:02,2025-04-15 05:00:51,371,6.18333333333333,FALSE,FALSE,"Valid Row"
"20250415","051314","105.218","3","1","1","39.6685","-75.7462","12.56","99.948","341.978","14.1681","438.302","13.1622","2.00189","0.214738","1.72607","0.982058","0","0.00291715","2.14832e-07","1e+06","438.302","5.98954","10","101","0.00192798","0.00020702","942.589","0.000958386","0","0.00195135","1e-05","362.68","341.978","50","2","101","0.326318","11.9",2025-04-15 05:13:14,2025-04-15 05:07:02,372,6.2,FALSE,FALSE,"Valid Row"
"20250415","051925","105.222","4","1","1","39.6684","-75.7462","12.52","99.9425","342.502","14.1954","441.812","13.2186","1.19486","0.130801","2.45019","0.936443","0","0.00288633","0.00231824","498.234","441.812","-1.61109","2","101","0.0571156","0.00625861","30.6896","0.0808148","0","0.00191959","0.0026491","344.865","342.502","32.2293","3","101","0.186358","11.9",2025-04-15 05:19:25,2025-04-15 05:13:14,371,6.18333333333333,FALSE,FALSE,"Valid Row"
"20250415","052536","105.226","5","1","1","39.6685","-75.7462","11.98","99.9283","342.127","14.2665","450.601","13.2807","3.02569","0.32476","1.29031","0.994658","0","0.00236449","0.000130517","2938.85","450.601","-7.77075","2","101","0.00065718","7.06085e-05","2795.28","1.29268e-05","0","0.00197371","7.06326e-11","1e+06","342.127","1315.79","5","101","0.362","12",2025-04-15 05:25:36,2025-04-15 05:19:25,371,6.18333333333333,FALSE,FALSE,"Valid Row"
"20250415","053147","105.23","6","1","1","39.6685","-75.7462","12.19","99.9303","341.937","14.1293","449.869","13.1105","6.75132","0.738241","1.42495","0.988829","0","0.00698755","0.00260689","733.058","449.869","21.9364","2","101","-0.000304507","-3.33315e-05","5662.6","9.21961e-05","0","0.00188743","1e-05","338.604","341.937","-50","2","101","0.334363","11.9766",2025-04-15 05:31:47,2025-04-15 05:25:36,371,6.18333333333333,FALSE,FALSE,"Valid Row"
"20250415","053758","105.235","7","1","1","39.6685","-75.7462","12.41","99.938","342.355","14.5439","449.222","13.594","2.24573","0.245859","1.47598","0.98884","0","0.00251241","0.00056345","885.567","449.222","-5.14784","2","101","-0.004868","-0.000533455","348.284","0.000832031","0","0.00185793","1.55819e-06","0","342.355","-468.468","5","101","0.34","12.2",2025-04-15 05:37:58,2025-04-15 05:31:47,371,6.18333333333333,FALSE,FALSE,"Valid Row"
"20250415","054409","105.239","8","1","1","39.6685","-75.7462","12.53","99.9335","341.946","15.009","449.491","14.0042","3.60294","0.384307","1.28564","0.993451","0","0.00276751","0.00146863","711.168","449.491","-13.5339","3","101","-0.0076094","-0.000812483","228.998","0.00192261","0","0.00186055","2.37605e-06","0","341.946","149.795","3","101","0.22","12.3",2025-04-15 05:44:09,2025-04-15 05:37:58,371,6.18333333333333,FALSE,FALSE,"Valid Row"
"20250415","060051","105.251","1","1","1","39.6685","-75.7462","12.77","99.9033","341.958","13.9893","447.448","13.0038","1.83695","0.206431","1.6996","0.981616","0","0.00273399","0.000625366","777.545","447.448","2.90892","2","101","0.0148884","0.00167478","108.632","0.00613429","0","0.00181927","0.000955031","343.712","341.958","40.3395","2","101","0.277423","11.8",2025-04-15 06:00:51,2025-04-15 05:44:09,1002,16.7,FALSE,FALSE,"Valid Row"
"20250415","060702","105.255","2","1","1","39.6685","-75.7462","12.82","99.9382","342.018","13.9584","449.022","12.9496","1.83023","0.204688","1.73415","0.97663","0","0.00280154","0.00204112","549.304","449.022","9.78872","2","101","0.00717178","0.000802894","244.272","0.00169001","0","0.00196123","8.03169e-10","1e+06","342.018","246.353","6","101","0.313","11.8",2025-04-15 06:07:02,2025-04-15 06:00:51,371,6.18333333333333,FALSE,FALSE,"Valid Row"
"20250415","061314","105.259","3","1","1","39.6685","-75.7462","12.78","99.9453","342.053","14.4243","446.939","13.4518","1.87456","0.201304","1.70188","0.981939","0","0.00267255","0.000449312","894.966","446.939","15.3644","2","101","0.0225884","0.0024281","75.8292","0.0157869","0","0.00184103","0.00839135","342.343","342.053","50","3","101","0.326403","11.9",2025-04-15 06:13:14,2025-04-15 06:07:02,372,6.2,FALSE,FALSE,"Valid Row"
"20250415","061925","105.263","4","1","1","39.6684","-75.7462","12.82","99.951","341.97","14.5814","445.774","13.5965","1.00558","0.110234","2.36044","0.957913","0","0.00232225","1.10283e-07","1e+06","445.774","3.16245","10","101","0.0494588","0.00542719","36.5024","0.0534241","0","0.00198021","0.00209049","344.567","341.97","13.0343","2","101","0.251","11.9",2025-04-15 06:19:25,2025-04-15 06:13:14,371,6.18333333333333,FALSE,FALSE,"Valid Row"
"20250415","062536","105.268","5","1","1","39.6684","-75.7462","12.55","99.9405","342.029","14.6905","451.617","13.7","3.03468","0.326486","1.27193","0.995234","0","0.00227068","3.26633e-07","1e+06","451.617","10.223","10","101","0.00733641","0.000790081","219.708","0.00208821","0","0.00173585","7.90352e-10","1e+06","342.029","297.064","6","101","0.362","11.9",2025-04-15 06:25:36,2025-04-15 06:19:25,371,6.18333333333333,FALSE,FALSE,"Valid Row"
"20250415","063147","105.272","6","1","1","39.6685","-75.7462","12.54","99.9455","342.234","14.3317","456.918","13.304","7.57264","0.829184","2.24597","0.962731","0","0.0163966","8.29563e-07","1e+06","456.918","30.3075","10","101","-0.00712882","-0.000781401","239.523","0.0017577","0","0.00187162","2.28323e-06","0","342.234","-152.597","6","101","0.332","12",2025-04-15 06:31:47,2025-04-15 06:25:36,371,6.18333333333333,FALSE,FALSE,"Valid Row"
"20250415","063758","105.276","7","1","1","39.6685","-75.7462","12.55","99.9408","342.213","14.7578","452.86","13.7977","2.28435","0.250259","1.33337","0.991817","0","0.00200792","0.00207434","573.505","452.86","7.59587","2","101","-0.00303917","-0.000333277","579.875","0.0003003","0","0.00193258","9.73888e-07","0","342.213","-178.518","4","101","0.34","12.2",2025-04-15 06:37:58,2025-04-15 06:31:47,371,6.18333333333333,FALSE,FALSE,"Valid Row"
"20250415","064409","105.281","8","1","1","39.6685","-75.7462","12.63","99.9457","342.619","15.024","458.779","13.9969","3.37607","0.36018","1.28585","0.993477","0","0.00259591","0.00164509","677.722","458.779","-5.21884","2","101","0.000705653","7.53619e-05","2673.96","1.41266e-05","0","0.00201515","7.53877e-11","1e+06","342.619","1143.72","2","101","0.22","12.3",2025-04-15 06:44:09,2025-04-15 06:37:58,371,6.18333333333333,FALSE,FALSE,"Valid Row"
"20250415","070051","105.292","1","1","1","39.6685","-75.7462","13.12","99.9405","342.025","13.9293","453.45","12.9267","1.69924","0.191117","1.60934","0.985434","0","0.00230639","0.000169024","1584.16","453.45","4.61892","2","101","0.0191753","0.00215888","88.5914","0.00365741","0","0.00191245","0.00119874","343.826","342.025","50","2","101","0.277701","11.9",2025-04-15 07:00:51,2025-04-15 06:44:09,1002,16.7,FALSE,FALSE,"Valid Row"
"20250415","070702","105.297","2","1","1","39.6685","-75.7462","13.26","99.9603","342.092","13.9237","448.816","12.9203","1.58296","0.17726","1.7012","0.982388","0","0.0023523","0.000235103","1202.78","448.816","7.14772","2","101","0.0132564","0.00148597","134.808","0.0055278","0","0.00200314","1.48647e-09","1e+06","342.092","105.843","2","101","0.313","11.8378",2025-04-15 07:07:02,2025-04-15 07:00:51,371,6.18333333333333,FALSE,FALSE,"Valid Row"
"20250415","071314","105.301","3","1","1","39.6685","-75.7462","13.27","99.9607","342.05","14.4219","447.359","13.4171","1.93923","0.208555","1.4624","0.990143","0","0.00209135","2.08648e-07","1e+06","447.359","2.94888","10","101","0.0451012","0.00485538","40.0927","0.0507425","0","0.00194597","0.00180608","344.738","342.05","47.579","3","101","0.326682","11.9",2025-04-15 07:13:14,2025-04-15 07:07:02,372,6.2,FALSE,FALSE,"Valid Row"
"20250415","071925","105.305","4","1","1","39.6685","-75.7462","13.33","99.9485","342.204","14.7516","445.852","13.7599","0.992462","0.109007","2.34565","0.958542","0","0.00227844","1.09056e-07","1e+06","445.852","9.82282","10","101","0.0492907","0.0054193","34.9459","0.0652463","0","0.00189295","0.00211525","344.766","342.204","-4.20551","3","101","0.252","11.9",2025-04-15 07:19:25,2025-04-15 07:13:14,371,6.18333333333333,FALSE,FALSE,"Valid Row"
"20250415","072536","105.309","5","1","1","39.6685","-75.7462","13.06","99.9495","342.358","15.0446","451.368","14.0942","2.83127","0.30525","1.31041","0.994255","0","0.00233203","3.05388e-07","1e+06","451.368","4.8475","10","101","0.00668913","0.000721875","286.247","0.00123127","0","0.00206633","7.22122e-10","1e+06","342.358","143.467","3","101","0.362","11.9",2025-04-15 07:25:36,2025-04-15 07:19:25,371,6.18333333333333,FALSE,FALSE,"Valid Row"
"20250415","073147","105.314","6","1","1","39.6685","-75.7462","13.19","99.952","342.547","14.3434","449.574","13.2656","7.38094","0.809862","2.34744","0.958466","0","0.0169435","8.10226e-07","1e+06","449.574","34.0954","10","101","-0.00233698","-0.000256702","798.648","0.000158314","0","0.00205015","7.49391e-07","0","342.547","-1070.73","2","101","0.333169","12",2025-04-15 07:31:47,2025-04-15 07:25:36,371,6.18333333333333,FALSE,FALSE,"Valid Row"
"20250415","073758","105.318","7","1","1","39.6685","-75.7462","13.13","99.9575","342.709","15.2473","455.717","14.2951","1.97317","0.216674","1.47119","0.989063","0","0.00220022","0.000595751","819.416","455.717","0.647052","2","101","0.00141408","0.00015543","1223.79","6.74403e-05","0","0.00190214","1.55484e-10","1e+06","342.709","851.873","5","101","0.34","12.2",2025-04-15 07:37:58,2025-04-15 07:31:47,371,6.18333333333333,FALSE,FALSE,"Valid Row"
"20250415","074409","105.322","8","1","1","39.6685","-75.7462","13.16","99.975","342.71","14.8434","457.843","13.7934","3.35982","0.358939","1.23872","0.9951","0","0.00227458","0.00151817","694.272","457.843","0.531277","2","101","-0.0203338","-0.00217464","84.2172","0.00428439","0","0.00183127","0.004267","342.2","342.71","-47.7048","4","101","0.22","12.4",2025-04-15 07:44:09,2025-04-15 07:37:58,371,6.18333333333333,FALSE,FALSE,"Valid Row"
"20250415","080051","105.334","1","1","1","39.6685","-75.7462","13.55","99.9365","341.9","13.8948","460.531","12.8893","1.79325","0.201988","1.74605","0.981391","0","0.00279545","2.02081e-07","1e+06","460.531","0.512531","10","101","0.0221745","0.00250023","76.0847","0.0156653","0","0.00190211","0.000389475","348.319","341.9","-34.2724","2","101","0.278","12",2025-04-15 08:00:51,2025-04-15 07:44:09,1002,16.7,FALSE,FALSE,"Valid Row"
"20250415","080702","105.338","2","1","1","39.6685","-75.7462","13.64","99.9492","341.947","13.9079","453.96","12.8995","1.61639","0.181271","1.57203","0.986925","0","0.00209696","1.81353e-07","1e+06","453.96","7.38554","10","101","0.0145798","0.00163673","120.366","0.00692421","0","0.00197","1.63729e-09","1e+06","341.947","126.874","4","101","0.314","12",2025-04-15 08:07:02,2025-04-15 08:00:51,371,6.18333333333333,FALSE,FALSE,"Valid Row"
"20250415","081314","105.343","3","1","1","39.6685","-75.7462","13.65","99.9175","341.477","13.9525","452.908","12.9412","2.06838","0.222741","1.44139","0.990741","0","0.00216419","2.22842e-07","1e+06","452.908","1.16656","10","101","0.0655913","0.00707067","28.7259","0.0684257","0","0.00202972","0.0030727","343.778","341.477","12.4836","2","101","0.326682","12",2025-04-15 08:13:14,2025-04-15 08:07:02,372,6.2,FALSE,FALSE,"Valid Row"
"20250415","081925","105.347","4","1","1","39.6685","-75.7462","13.79","99.9047","341.951","14.2512","450.13","13.2218","0.87569","0.0963305","2.54985","0.949539","0","0.00223187","9.63739e-08","1e+06","450.13","12.5393","10","101","0.0298146","0.00328319","65.7188","0.022859","0","0.00215739","3.28431e-09","1e+06","341.951","118.747","2","101","0.252","12",2025-04-15 08:19:25,2025-04-15 08:13:14,371,6.18333333333333,FALSE,FALSE,"Valid Row"
"20250415","082536","105.351","5","1","1","39.6685","-75.7462","13.81","99.9043","341.645","14.9027","451.734","13.8838","2.89491","0.312989","1.36458","0.992841","0","0.0026711","3.13131e-07","1e+06","451.734","17.5126","10","101","-0.00564579","-0.000611038","317.181","0.00100262","0","0.00193809","1.78852e-06","0","341.645","813.681","8","101","0.362","11.9",2025-04-15 08:25:36,2025-04-15 08:19:25,371,6.18333333333333,FALSE,FALSE,"Valid Row"
"20250415","083147","105.355","6","1","1","39.6685","-75.7462","14","99.903","341.994","14.1378","446.867","13.133","7.66214","0.843384","2.27215","0.961642","0","0.0169288","8.43761e-07","1e+06","446.867","37.2459","10","101","-0.00265882","-0.000292959","668.13","0.000225594","0","0.00195735","8.5662e-07","0","341.994","-1833.59","7","101","0.337169","12.1",2025-04-15 08:31:47,2025-04-15 08:25:36,371,6.18333333333333,FALSE,FALSE,"Valid Row"
"20250415","083758","105.36","7","1","1","39.6685","-75.7462","14.05","99.8965","342.222","14.7199","442.551","13.6872","2.00338","0.220678","1.50378","0.988959","0","0.0023435","2.20776e-07","1e+06","442.551","3.97884","10","101","-0.00806149","-0.000888925","233.987","0.00184162","0","0.00207994","2.59751e-06","0","342.222","-226.207","6","101","0.34","12.3",2025-04-15 08:37:58,2025-04-15 08:31:47,371,6.18333333333333,FALSE,FALSE,"Valid Row"
"20250415","084409","105.364","8","1","1","39.6685","-75.7462","14.28","99.9095","341.821","14.3027","446.707","13.2898","3.12847","0.33556","1.29315","0.994692","0","0.00246365","3.3571e-07","1e+06","446.707","8.60917","10","101","-0.0106628","-0.00114487","176.722","0.00322413","0","0.0020232","3.34934e-06","0","341.821","-61.8853","5","101","0.22","12.6",2025-04-15 08:44:09,2025-04-15 08:37:58,371,6.18333333333333,FALSE,FALSE,"Valid Row"
"20250415","090051","105.376","1","1","1","39.6685","-75.7462","14.95","99.9053","341.648","13.9113","444.014","12.9043","1.81829","0.205868","1.62626","0.985252","0","0.00253141","2.05959e-07","1e+06","444.014","27.9197","10","101","0.0129398","0.00146655","135.505","0.0054714","0","0.00198719","1.46705e-09","1e+06","341.648","-101","2","101","0.278","12.4",2025-04-15 09:00:51,2025-04-15 08:44:09,1002,16.7,FALSE,FALSE,"Valid Row"
"20250415","090702","105.38","2","1","1","39.6685","-75.7462","15.37","99.9473","341.648","13.9231","445.886","12.9049","1.73086","0.195284","1.58381","0.986553","0","0.00229136","1.95371e-07","1e+06","445.886","11.4533","10","101","0.00171243","0.000193403","992.709","0.000102488","0","0.00191993","1.93469e-10","1e+06","341.648","89.0916","2","101","0.314","12.2",2025-04-15 09:07:02,2025-04-15 09:00:51,371,6.18333333333333,FALSE,FALSE,"Valid Row"
"20250415","091314","105.384","3","1","1","39.6685","-75.7462","15.06","99.9362","342.116","13.9807","444.63","12.9638","1.89726","0.205282","1.50783","0.988692","0","0.00219327","0.000118334","2179.4","444.63","8.42755","2","101","0.0171166","0.00185391","101.175","0.0131794","0","0.0018756","0.00294141","342.746","342.116","50","2","101","0.326701","12.1682",2025-04-15 09:13:14,2025-04-15 09:07:02,372,6.2,FALSE,FALSE,"Valid Row"
"20250415","091925","105.388","4","1","1","39.6685","-75.7462","15","99.9287","341.765","13.994","443.291","12.9717","0.95597","0.105548","2.32869","0.959254","0","0.0021863","1.05595e-07","1e+06","443.291","30.3335","10","101","0.0566693","0.00626332","30.7115","0.0918477","0","0.0019224","0.00115576","347.184","341.765","20.1081","4","101","0.224065","12.3428",2025-04-15 09:19:25,2025-04-15 09:13:14,371,6.18333333333333,FALSE,FALSE,"Valid Row"
"20250415","092536","105.393","5","1","1","39.6686","-75.7462","14.88","99.939","341.778","14.1043","440.028","13.099","2.77269","0.300547","1.48457","0.989501","0","0.00311146","3.00679e-07","1e+06","440.028","27.1341","10","101","0.0148196","0.00160801","117.603","0.00725112","0","0.00189099","1.60856e-09","1e+06","341.778","211.671","7","101","0.362816","12",2025-04-15 09:25:36,2025-04-15 09:19:25,371,6.18333333333333,FALSE,FALSE,"Valid Row"
"20250415","093147","105.397","6","1","1","39.6685","-75.7462","15.09","99.94","341.589","14.2091","435.447","13.1926","7.8219","0.863974","1.42467","0.991191","0","0.00818599","8.6435e-07","1e+06","435.447","31.1096","10","101","0.00369217","0.000408242","481.078","0.00043626","0","0.00196396","4.08381e-10","1e+06","341.589","85.5577","2","101","0.334","12.4",2025-04-15 09:31:47,2025-04-15 09:25:36,371,6.18333333333333,FALSE,FALSE,"Valid Row"
"20250415","093758","105.401","7","1","1","39.6685","-75.7462","14.32","99.9345","340.853","14.3529","425.007","13.3418","2.07534","0.228675","1.51066","0.988749","0","0.00245161","2.28772e-07","1e+06","425.007","14.611","10","101","-0.000297197","-3.27807e-05","5744.12","0.000142579","0","0.00188296","1e-05","337.575","340.853","-50","2","101","0.34","12.6",2025-04-15 09:37:58,2025-04-15 09:31:47,371,6.18333333333333,FALSE,FALSE,"Valid Row"
"20250415","094409","105.406","8","1","1","39.6684","-75.7462","15.1","99.928","340.982","14.4835","420.934","13.474","3.19655","0.343854","1.2413","0.995972","0","0.00219786","3.43999e-07","1e+06","420.934","23.2589","10","101","-0.0116756","-0.00125724","156.791","0.00409265","0","0.00197118","3.6871e-06","0","340.982","-145.925","5","101","0.219299","13.1328",2025-04-15 09:44:09,2025-04-15 09:37:58,371,6.18333333333333,FALSE,FALSE,"Valid Row"
"20250415","100051","105.417","1","1","1","39.6684","-75.7462","15.96","99.8747","340.06","14.0078","414.143","12.9961","2.14944","0.244331","1.54248","0.987808","0","0.00272808","2.44433e-07","1e+06","414.143","23.682","10","101","0.0148877","0.00169406","113.705","0.00775284","0","0.00192615","1.69463e-09","1e+06","340.06","108.889","2","101","0.278","12.9",2025-04-15 10:00:51,2025-04-15 09:44:09,1002,16.7,FALSE,FALSE,"Valid Row"
"20250415","100702","105.422","2","1","1","39.6684","-75.7462","16.46","99.8948","339.628","14.007","413.36","12.9974","1.62065","0.183638","1.49551","0.98918","0","0.00193027","1.83714e-07","1e+06","413.36","19.2788","10","101","0.00124425","0.000141132","1364.82","5.42237e-05","0","0.00192619","1.4118e-10","1e+06","339.628","-1400.68","3","101","0.314","12.6",2025-04-15 10:07:02,2025-04-15 10:00:51,371,6.18333333333333,FALSE,FALSE,"Valid Row"
"20250415","101314","105.426","3","1","1","39.6684","-75.7462","16.35","99.885","339.771","14.081","412.554","13.081","2.07092","0.225214","1.44739","0.990557","0","0.00221002","2.25307e-07","1e+06","412.554","13.7546","10","101","0.0353314","0.00384621","50.0255","0.0278127","0","0.00192365","0.000567422","346.549","339.771","-50","4","101","0.326701","12.4",2025-04-15 10:13:14,2025-04-15 10:07:02,372,6.2,FALSE,FALSE,"Valid Row"
"20250415","101925","105.43","4","1","1","39.6685","-75.7462","16.83","99.8645","340.183","14.0975","413.092","13.0833","1.23203","0.137004","1.62601","0.985254","0","0.00168452","1.3706e-07","1e+06","413.092","18.0441","10","101","0.0473422","0.00526993","37.7513","0.05735","0","0.00198868","0.00141391","343.911","340.183","24.8902","2","101","0.0880249","12.6428",2025-04-15 10:19:25,2025-04-15 10:13:14,371,6.18333333333333,FALSE,FALSE,"Valid Row"
"20250415","102536","105.434","5","1","1","39.6685","-75.7462","16.45","99.8542","340.505","14.3175","408.937","13.3127","3.28194","0.358048","1.41396","0.991492","0","0.00333352","3.58194e-07","1e+06","408.937","28.6395","10","101","-0.00595433","-0.000650257","307.162","0.00106908","0","0.00199733","1.90969e-06","0","340.505","-694.017","7","101","0.362","12.2",2025-04-15 10:25:36,2025-04-15 10:19:25,371,6.18333333333333,FALSE,FALSE,"Valid Row"
"20250415","103147","105.439","6","1","1","39.6685","-75.7462","16.32","99.8275","340.272","14.4709","411.487","13.4626","12.4056","1.37798","1.13693","0.996803","0","0.00550256","0.00858686","571.962","411.487","26.7484","9","101","-0.0177347","-0.00197194","97.5871","0.000906206","0","0.00192425","1.45248e-05","204.508","340.272","16.4668","3","101","0.333468","12.6",2025-04-15 10:31:47,2025-04-15 10:25:36,371,6.18333333333333,FALSE,FALSE,"Valid Row"
"20250415","103758","105.443","7","1","1","39.6685","-75.7462","15.69","99.8203","340.219","14.7605","411.698","13.7392","1.75099","0.194154","1.5474","0.987675","0","0.0021798","1.94234e-07","1e+06","411.698","22.8134","10","101","-0.0247948","-0.00275215","72.4577","0.0138312","0","0.00199393","0.00347427","339.427","340.219","-3.09893","5","101","0.34","12.8",2025-04-15 10:37:58,2025-04-15 10:31:47,371,6.18333333333333,FALSE,FALSE,"Valid Row"
"20250415","104409","105.447","8","1","1","39.6685","-75.7462","15.56","99.8102","340.497","14.88","406.679","13.8468","3.10712","0.335293","1.2802","0.995028","0","0.00238215","3.35429e-07","1e+06","406.679","35.9391","10","101","-0.0121906","-0.00131688","149.629","0.00449168","0","0.00197039","3.86753e-06","0","340.497","-211.97","6","101","0.218299","13.6",2025-04-15 10:44:09,2025-04-15 10:37:58,371,6.18333333333333,FALSE,FALSE,"Valid Row"
"20250415","110051","105.459","1","1","1","39.6685","-75.7462","16.5","99.8005","340.206","14.1635","411.858","13.1441","2.2021","0.250995","1.61446","0.985628","0","0.00304619","2.51099e-07","1e+06","411.858","22.1328","10","101","0.0207086","0.0023628","54.3276","0.0331033","0","0.0012834","2.3636e-09","1e+06","340.206","99.4885","3","101","0.278","13.2",2025-04-15 11:00:51,2025-04-15 10:44:09,1002,16.7,FALSE,FALSE,"Valid Row"
"20250415","110702","105.463","2","1","1","39.6685","-75.7462","16.57","99.827","339.964","14.1241","413.92","13.1148","1.64577","0.186704","1.49992","0.989065","0","0.00197302","1.86781e-07","1e+06","413.92","15.4779","10","101","-0.00760917","-0.000864102","153.317","0.00340753","0","0.00132478","2.49932e-05","305.391","339.964","50","5","101","0.314","12.9",2025-04-15 11:07:02,2025-04-15 11:00:51,371,6.18333333333333,FALSE,FALSE,"Valid Row"
"20250415","111314","105.468","3","1","1","39.6685","-75.7462","16.17","99.8385","340.104","14.1933","414.71","13.186","1.8971","0.206303","1.43198","0.990998","0","0.00197611","2.06389e-07","1e+06","414.71","15.0067","10","101","0.031243","0.00340104","37.8936","0.0614512","0","0.00128827","0.000988286","343.545","340.104","18.5533","4","101","0.326701","12.6",2025-04-15 11:13:14,2025-04-15 11:07:02,372,6.2,FALSE,FALSE,"Valid Row"
"20250415","111925","105.472","4","1","1","39.6685","-75.7462","15.94","99.8385","340.351","14.1812","414.454","13.182","1.09129","0.121018","1.9176","0.975433","0","0.00193022","1.21068e-07","1e+06","414.454","11.5053","10","101","0.0439357","0.00487713","26.2451","0.116797","0","0.00127895","0.000755554","346.806","340.351","24.581","5","101","0.0808706","12.9",2025-04-15 11:19:25,2025-04-15 11:13:14,371,6.18333333333333,FALSE,FALSE,"Valid Row"
"20250415","112536","105.476","5","1","1","39.6685","-75.7462","15.13","99.8278","340.096","14.4032","414.666","13.4024","2.95602","0.321171","1.3797","0.992441","0","0.00281715","3.21304e-07","1e+06","414.666","17.8324","10","101","-0.0198866","-0.00216286","55.6886","0.0257015","0","0.00120425","0.00250622","339.233","340.096","8.38326","7","101","0.362478","12.3",2025-04-15 11:25:36,2025-04-15 11:19:25,371,6.18333333333333,FALSE,FALSE,"Valid Row"
"20250415","113147","105.48","6","1","1","39.6685","-75.7462","15.46","99.831","340.603","14.5001","414.407","13.4862","7.33288","0.812119","2.02791","0.97157","0","0.0140159","6.29984e-06","129326","414.407","32.2638","2","101","-0.0545651","-0.00604933","19.7534","0.0460682","0","0.00119321","0.00688386","339.724","340.603","-32.0859","4","101","0.332403","12.6",2025-04-15 11:31:47,2025-04-15 11:25:36,371,6.18333333333333,FALSE,FALSE,"Valid Row"
"20250415","113758","105.485","7","1","1","39.6686","-75.7463","15.12","99.8152","340.286","14.7043","413.894","13.6941","1.78217","0.197223","1.40285","0.991816","0","0.0018006","1.97305e-07","1e+06","413.894","8.99888","10","101","-0.0654013","-0.00724503","16.2864","0.0657141","0","0.00117743","0.0255604","340.003","340.286","27.7048","6","101","0.34","12.9",2025-04-15 11:37:58,2025-04-15 11:31:47,371,6.18333333333333,FALSE,FALSE,"Valid Row"
"20250415","114409","105.489","8","1","1","39.6686","-75.7462","14.69","99.8272","340.455","14.7788","415.746","13.7593","2.76942","0.297866","1.26538","0.995401","0","0.00203484","2.9799e-07","1e+06","415.746","11.6177","10","101","-0.0532058","-0.00572848","21.0529","0.0999044","0","0.00120447","0.00377071","338.936","340.455","-7.65105","4","101","0.217373","13.6",2025-04-15 11:44:09,2025-04-15 11:37:58,371,6.18333333333333,FALSE,FALSE,"Valid Row"
"20250415","120051","105.501","1","1","1","39.6685","-75.7462","16.32","99.8033","340.339","14.179","410.586","13.1638","2.37107","0.270103","1.44139","0.990742","0","0.0026241","2.70214e-07","1e+06","410.586","21.702","10","101","0.0363817","0.00414871","31.7666","0.07858","0","0.00131716","0.000886501","345.019","340.339","12.3795","6","101","0.278","12.9",2025-04-15 12:00:51,2025-04-15 11:44:09,1002,16.7,FALSE,FALSE,"Valid Row"
"20250415","120702","105.505","2","1","1","39.6685","-75.7462","16.64","99.7992","340.475","14.1288","410.749","13.1149","1.50862","0.171249","1.78075","0.980227","0","0.00244449","1.7132e-07","1e+06","410.749","15.0435","10","101","0.00337625","0.000383646","357.9","0.000787957","0","0.00137306","3.83776e-10","1e+06","340.475","395.744","5","101","0.314","12.708",2025-04-15 12:07:02,2025-04-15 12:00:51,371,6.18333333333333,FALSE,FALSE,"Valid Row"
"20250415","121314","105.509","3","1","1","39.6685","-75.7462","16.48","99.797","340.566","14.1959","411.153","13.191","1.66229","0.181027","1.45446","0.990373","0","0.00179375","1.81102e-07","1e+06","411.153","11.7978","10","101","0.0343748","0.00374732","35.8071","0.0364993","0","0.00134122","0.00602181","341.188","340.566","25.0335","3","101","0.326383","12.6",2025-04-15 12:13:14,2025-04-15 12:07:02,372,6.2,FALSE,FALSE,"Valid Row"
"20250415","121925","105.513","4","1","1","39.6685","-75.7462","16.35","99.8045","340.475","14.1119","411.315","13.1056","1.06658","0.118478","2.04247","0.970801","0","0.0020651","1.18527e-07","1e+06","411.315","18.1005","10","101","0.0387263","0.0043062","35.3003","0.0619185","0","0.00151941","0.000699865","346.628","340.475","-37.7353","3","101","0.0608458","12.7",2025-04-15 12:19:25,2025-04-15 12:13:14,371,6.18333333333333,FALSE,FALSE,"Valid Row"
"20250415","122536","105.518","5","1","1","39.6685","-75.7462","16.26","99.7945","340.967","14.4055","410.729","13.4037","2.9107","0.317589","1.50879","0.988816","0","0.00339462","3.1772e-07","1e+06","410.729","38.0936","10","101","-9.25712e-05","-1.01108e-05","17042.5","2.64849e-07","0","0.00172313","2.96533e-08","0","340.967","-30870","4","101","0.362","12.3",2025-04-15 12:25:36,2025-04-15 12:19:25,371,6.18333333333333,FALSE,FALSE,"Valid Row"
